,PSP,PSP,PSP,PSP,PSP,PSP,PSP,PSP,SOHO,SOHO,SOHO,SOHO,SOHO,SOHO,SOHO,SOHO,Solar Orbiter,Solar Orbiter,Solar Orbiter,Solar Orbiter,Solar Orbiter,Solar Orbiter,Solar Orbiter,Solar Orbiter,STEREO A,STEREO A,STEREO A,STEREO A,STEREO A,STEREO A,STEREO A,STEREO A
,vsw,long,lat,r_dist,foot_long,foot_long_error,long_sep,plot_separation_long,vsw,long,lat,r_dist,foot_long,foot_long_error,long_sep,plot_separation_long,vsw,long,lat,r_dist,foot_long,foot_long_error,long_sep,plot_separation_long,vsw,long,lat,r_dist,foot_long,foot_long_error,long_sep,plot_separation_long
2023-05-16 13:00:00,404.19318,97.20638002722447,3.765762184213993,0.7313124828111645,142.32744641308184,4.663474333612958,8.782529265762037,no,462.33334,0.24764982940203406,-2.517667926283837,1.0018501643062598,54.47109667260136,4.872936567663374,-79.07382047471845,no,400,161.95276034628273,7.507456062509697,0.6911429305039634,-155.3585791370925,4.46049469390738,71.09650371558769,yes,415.66666,-8.413591555393054,-3.4930904975952823,0.9614397526441619,49.3813484238853,5.801206186771724,-84.16356872343451,no
2023-05-16 13:15:00,470.8005,97.20289680796262,3.7658589227207897,0.731258967572256,135.9375207706328,3.4162418206708,2.3926036233129935,no,459.0,0.2476221522381395,-2.5164659393102324,1.0018528106773685,54.865066346169044,4.94525700385825,-78.67985080115076,no,400,161.9572631797452,7.506764793806453,0.6912492222653186,-155.34737230192957,4.461195188222512,71.10771055075062,yes,417.2,-8.412730576554566,-3.4918632973557058,0.961438760651148,49.169835574935576,5.757725498055148,-84.37508157238423,no
2023-05-16 13:30:00,470.8005,97.19941460007148,3.7659556270204773,0.7312054016704221,135.93117702864748,3.415989444593698,2.3862598813276747,no,471.0,0.24759443844764342,-2.515263887598035,1.0018554565065168,53.47371996264798,4.692277499181328,-80.07119718467183,no,400,161.96176157019744,7.5060732632995215,0.6913554903650841,-155.33617132469593,4.461895534694208,71.11891152798427,yes,424.53333,-8.41186954582821,-3.490635969725026,0.96143776869367,48.176070166236514,5.556410357920623,-85.3688469810833,no
2023-05-16 13:45:00,463.86554,97.19593340287841,3.766052297107038,0.7311517850989379,136.5038451972657,3.520432948670813,2.9589280499458823,no,467.33334,0.24756671268795877,-2.5140617689303304,1.001858101552768,53.89150903393141,4.767491719160714,-79.6534081133884,no,400,161.96625551891782,7.505381471326614,0.6914617348038427,-155.3249762041299,4.462595733320691,71.13010664855028,yes,429.42856,-8.41100846498972,-3.4894085147472533,0.9614367767717655,47.53190930284245,5.427883431446409,-86.01300784447736,no
2023-05-16 14:00:00,421.23282,97.19245321838929,3.766148932974447,0.7310981178510508,140.47548895214544,4.284701643912146,6.930571804825632,no,465.66666,0.24753895014602084,-2.5128595792831123,1.0018607460935387,54.0836933645015,4.802290192175228,-79.46122378281831,no,400,161.97074502985762,7.504689418225026,0.6915679555821831,-155.3137869362965,4.463295784100275,71.14129591638368,yes,427.7143,-8.410147333139548,-3.4881809324654216,0.961435784885475,47.75702843795165,5.472383065959981,-85.78788870936816,no
2023-05-16 14:15:00,421.23282,97.18897404861383,3.7662455346166506,0.7310443999200102,140.46880247466038,4.284384144079183,6.923885327340571,no,472.33334,0.24751110913677407,-2.511657331866445,1.0018633906334775,53.32401239732265,4.665432132733526,-80.22090474999716,no,400,161.97523010697,7.503997104331491,0.6916741527006967,-155.30260351725872,4.4639956870313044,71.15247933542148,yes,427.92856,-8.409286149372065,-3.486953222923501,0.9614347930348311,47.7298120294185,5.466794897073595,-85.81510511790131,no
2023-05-16 14:30:00,421.23282,97.18549589288106,3.766342102027553,0.7309906312990617,140.46211399421787,4.284066345585425,6.917196846898065,no,471.0,0.24748327244978613,-2.5104550128197256,1.0018660342019188,53.474446928965904,4.692351386757543,-80.0704702183539,no,400,161.97971075152438,7.503304529982381,0.691780326159978,-155.291425945763,4.464695442112045,71.1636569069172,yes,428.07144,-8.408424915467094,-3.4857253861650115,0.9614338012198727,47.711980667023795,5.463075651377898,-85.83293648029601,no
2023-05-16 14:45:00,421.23282,97.18201875320085,3.7664386352010624,0.7309368119814397,140.45542351242625,4.2837482483911415,6.910506365106443,no,471.66666,0.24745538608349144,-2.509252627696967,1.001868677403552,53.399395198876704,4.678890067964938,-80.1455219484431,no,400,161.9841869674668,7.502611695513573,0.6918864759606222,-155.28025421787908,4.465395049340912,71.17482863480112,yes,420.73334,-8.40756363052111,-3.484497422233737,0.9614328094406399,48.69169301042922,5.659401646359372,-84.85322413689059,no
2023-05-16 15:00:00,492.47604,97.17854263158411,3.766535134131035,0.7308829419603695,134.18912264612933,3.1159608457285612,0.6442054988095265,no,479.33334,0.24742746750281056,-2.5080501759204967,1.0018713200960374,52.549437812323134,4.528001784732139,-80.99547933499667,no,400,161.9886587587408,7.501918601260481,0.691992602103225,-155.26908832967928,4.466094508716236,71.18599452300091,yes,417.66666,-8.406702293630929,-3.4832693311730343,0.9614318176971717,49.111845540049046,5.744620787678737,-84.43307160727076,no
2023-05-16 15:15:00,492.47604,97.17506752736315,3.766631598811312,0.7308290212290648,134.1828938896599,3.115729012761177,0.6379767423401006,no,476.66666,0.24739948460912953,-2.506847660652006,1.0018739626490383,52.842217210398864,4.579664297286277,-80.70269993692094,no,400,161.99312612660717,7.501225247558124,0.6920987045883839,-155.25792827991827,4.46679382023639,71.19715457276192,yes,412.93332,-8.405840906573928,-3.482041113026567,0.9614308259895017,49.772071640556135,5.880006565330893,-83.77284550676367,no
2023-05-16 15:30:00,541.8657,97.17159344255154,3.76672802923572,0.7307750497807407,130.80374508822118,2.5665035501128237,-2.7411720590986306,no,479.0,0.24737150437483682,-2.505645075993177,1.0018766041724698,52.58618842483373,4.534444649842307,-80.95872872248609,no,400,161.99758907500558,7.5005316347410185,0.6922047834167003,-155.24677406467174,4.467492983899755,71.20830878800845,yes,409.2143,-8.404979468445674,-3.4808127678384477,0.9614298343176687,50.301712209233585,5.989792947413261,-83.24320493808622,no
2023-05-16 15:45:00,486.84677,97.16812037915959,3.766824425398047,0.7307210276085973,134.59827899492737,3.188873758972302,1.0533618476075617,no,479.66666,0.2473434419213033,-2.504442428261037,1.0018792457727939,52.51362571017377,4.521659184223069,-81.03129143714604,no,400,162.00204760786855,7.499837763143223,0.6923108385887793,-155.23562568002228,4.46819199970479,71.21945717265791,yes,407.26666,-8.404117978346505,-3.4795842956517324,0.9614288426817121,50.58336631503289,6.04852714819248,-82.96155083228692,no
2023-05-16 16:00:00,450.7203,97.16464833652316,3.76692078729206,0.73066695470583,137.59191888343926,3.730141260821404,4.047001736119455,no,497.33334,0.24731538480760681,-2.503239713336058,1.0018818864262322,50.657148615300116,4.201341516609687,-82.88776853201969,no,400,162.00650172645132,7.499143633098352,0.6924168701052299,-155.22448312472935,4.4688908676499315,71.23059972795085,yes,408.07144,-8.403256438051756,-3.4783556965101665,0.961427851081667,50.46794340089133,6.02415749890883,-83.07697374642848,no
2023-05-16 16:15:00,447.24423,97.16117731665838,3.7670171149114977,0.7306128310656268,137.89961163498148,3.78916297809595,4.354694487661675,no,492.33334,0.24728726202786502,-2.502036933071109,1.00188452684677,51.16927028444233,4.288458133218321,-82.37564686287749,no,400,162.01095143468578,7.498449244939545,0.6925228779666629,-155.2133463948757,4.46958958773367,71.24173645780448,yes,409.57144,-8.402394846656307,-3.477126970457517,0.9614268595175748,50.25324039986435,5.979128949163498,-83.29167674745545,no
2023-05-16 16:30:00,435.72052,97.15770732157804,3.7671134082500757,0.7305586566811658,138.97044443730888,3.995973429585831,5.425527289989077,no,492.0,0.24725910480224364,-2.50083408661187,1.0018871667799125,51.20394067363092,4.294377825940063,-82.3409764736889,no,400,162.01539673649674,7.497754598999533,0.6926288621736919,-155.20221548655098,4.470288159954474,71.25286736612921,yes,416.46667,-8.401533203262716,-3.4758981175376786,0.9614258679894712,49.28301648499587,5.77851912676736,-84.26190066232394,no
2023-05-16 16:45:00,437.97327,97.15423835062029,3.767209667301489,0.7305044315456205,138.74879567843823,3.953871044470149,5.20387853111842,no,481.0,0.24723091988585194,-2.4996311724586207,1.0018898061284403,52.36944876384327,4.496290150212328,-81.17546838347653,no,400,162.0198376331317,7.497059695610516,0.6927348227269332,-155.19109039852185,4.470986584310853,71.26399245415834,yes,418.2,-8.400671509645122,-3.474669137793946,0.9614248764973878,49.04483452962404,5.7296917607974125,-84.50008261769577,no
2023-05-16 17:00:00,398.22235,97.15077040580411,3.7673058920593965,0.7304501556521519,142.89390566215812,4.802002827673138,9.348988514838311,no,480.33334,0.24720269780797485,-2.498428194017091,1.0018924449224262,52.44196388258255,4.509002797663507,-81.10295326473727,no,400,162.0242741285148,7.496364535104321,0.6928407596270055,-155.17997112687817,4.471684860801378,71.27511172580202,yes,414.7143,-8.399809764899146,-3.473440031270427,0.9614238850413704,49.52857550204021,5.8285394185874315,-84.0163416452796,no
2023-05-16 17:15:00,417.45367,97.14730348914428,3.767402082517439,0.7303958289939179,140.7798650241846,4.360087051810615,7.234947876864794,no,479.33334,0.2471744359600065,-2.497225148027477,1.0018950833787368,52.551033731678025,4.528161856073743,-80.99388341564179,no,400,162.0287062265631,7.495669117812279,0.6929466728745318,-155.1688576677167,4.4723829894245934,71.28622518496348,yes,414.33334,-8.398947968125015,-3.4722107980102708,0.96142289362146,49.582745569734016,5.839501142273173,-83.96217157758579,no
2023-05-16 17:30:00,419.76468,97.14383759998194,3.767498238669239,0.7303414515640633,140.53292095586232,4.310863557934974,6.988003808542516,no,480.33334,0.24714613606007063,-2.496022037839662,1.0018977212783147,52.44231686224496,4.509038177140738,-81.10260028507486,no,400,162.03313392851578,7.494973444065295,0.6930525624701335,-155.15775001981197,4.473080970179079,71.29733283286822,yes,411.13333,-8.398086121097947,-3.470981438057384,0.9614219022376868,50.034945551923954,5.932798155178616,-83.50997159539585,no
2023-05-16 17:45:00,427.3638,97.14037274033603,3.7675943605083724,0.7302870233557364,139.75473707581202,4.155473698955896,6.209819928492209,no,481.33334,0.24711781158865684,-2.4948188607067916,1.0019003585289712,52.334055222289535,4.490035775560027,-81.21086192503027,no,400,162.03755723828763,7.494277514193852,0.6931584284144344,-155.14664817926283,4.473778803063372,71.30843467341737,yes,412.93332,-8.3972242229151,-3.4697519514556836,0.961420910890091,49.781142521473726,5.880052470774145,-83.76377462584608,no
2023-05-16 18:00:00,400.1314,97.1369089122278,3.767690448028417,0.7302325443620612,142.64812334390757,4.753785752177362,9.103206196587763,no,484.0,0.2470894150397085,-2.493615621867842,1.00190299574153,52.047251363705485,4.439918088664096,-81.49766578361432,no,400,162.04197615979075,7.493581328527935,0.693264270708063,-155.13555214217047,4.474476488076109,71.31953071050972,yes,413.06668,-8.396362272672548,-3.468522338248719,0.9614199195787063,49.7632674086297,5.87617570139115,-83.7816497386901,no
2023-05-16 18:15:00,403.67886,97.13344611499828,3.767786501222894,0.7301780145761698,142.24132106677587,4.668325514859864,8.69640391945606,no,480.66666,0.2470610095828857,-2.492412313421998,1.0019056321396784,52.40665416476582,4.502735352081801,-81.13826298255398,no,400,162.0463906942555,7.492884887397091,0.6933700893516515,-155.1244619073175,4.47517402521594,71.33062094536268,yes,419.73334,-8.395500272149036,-3.4672925984799665,0.9614189283035777,48.840417481883264,5.68703982964328,-84.70449966543654,no
2023-05-16 18:30:00,397.71698,97.12998435067142,3.76788252008532,0.7301234339911771,142.91058599524268,4.812332650705125,9.365668847922876,no,476.66666,0.2470325669446272,-2.491208940913807,1.0019082679797484,52.84453381482486,4.5798979634693815,-80.70038333249495,no,400,162.05080084559071,7.492188191130407,0.6934758843458351,-155.1133774708079,4.475871414481524,71.34170538187229,yes,421.0,-8.39463822043922,-3.4660627321933624,0.9614179370647381,48.669117940678916,5.6521479992267984,-84.87579920664089,no
2023-05-16 18:45:00,400.5393,97.12652362126724,3.767978504609194,0.7300688026001889,142.5811085094171,4.7428080190488435,9.036191362097298,no,489.0,0.24700406583849022,-2.4900055036898143,1.001910903707056,51.51811311057557,4.3482166294769415,-82.02680403674424,no,400,162.05520661769785,7.491491240056549,0.6935816556912506,-155.10229882875282,4.476568655871501,71.35278402392737,yes,417.4,-8.393776116642982,-3.4648327394327123,0.9614169458622238,49.162193554295925,5.752188291237813,-84.38272359302388,no
2023-05-16 19:00:00,392.85336,97.12306392613124,3.7680744547879588,0.7300141203963105,143.46344332650926,4.934411243010109,9.918526179189456,no,492.33334,0.2469755627137669,-2.4888019938892847,1.0019135383950788,51.171155280000406,4.288643130609069,-82.3737618673194,no,400,162.05960801180098,7.4907940345037325,0.6936874033885378,-155.0912259799407,4.477265749384647,71.36385687273949,yes,414.73334,-8.392913962535602,-3.463602620241398,0.9614159546960807,49.53317371781549,5.828027629948817,-84.01174342950432,no
2023-05-16 19:15:00,386.48825,97.1196052672879,3.76817037061506,0.7299593873726341,144.2196071137413,5.102033639834053,10.674689966421482,no,471.33334,0.2469469985869897,-2.4875984250160736,1.0019161729452097,53.44023211453305,4.685955509600608,-80.10468503278676,no,400,162.06400503179935,7.4900965747997095,0.6937931274383377,-155.08015892048454,4.477962695019593,71.37492393219566,yes,416.73334,-8.392051757214176,-3.462372374663328,0.9614149635663368,49.256078143569084,5.771016333197796,-84.28883900375072,no
2023-05-16 19:30:00,402.8491,97.11614764676268,3.768266252083899,0.7299046035222466,142.29986487628008,4.686253414406022,8.754947728960275,no,469.33334,0.24691840216433716,-2.4863947895989464,1.0019188069759057,53.667090018525435,4.726679507783463,-79.87782712879437,no,400,162.06839768158977,7.4893988612717965,0.693898827841294,-155.0690976464997,4.478659492775146,71.3859852061805,yes,415.14285,-8.39118949977518,-3.4611420027425406,0.961413972473032,49.47784769298414,5.816293074232013,-84.06706945433567,no
2023-05-16 19:45:00,391.99783,97.11269106390257,3.7683620991878684,0.7298497688382225,143.54366204515756,4.955376860482093,9.998744897837753,no,451.0,0.24688975901567,-2.4851910913646247,1.0019214405537495,55.838830516838065,5.126056433847725,-77.70608663048174,no,400,162.07278596238717,7.488700894246893,0.6940045045980526,-155.05804215678316,4.479356142650006,71.39704069589703,yes,412.5,-8.390327191995084,-3.45991150452188,0.961412981416209,49.84951595203887,5.892722976786182,-83.69540119528094,no
2023-05-16 20:00:00,379.2746,97.10923552073403,3.7684579119203274,0.7297948833136372,145.0941506440876,5.301892827791577,11.549233496767783,no,451.33334,0.24686108309170823,-2.4839873249606303,1.0019240736954256,55.79795924690364,5.118367159464466,-77.74695790041616,no,400,162.07716987808328,7.488002674051389,0.694110157709266,-155.04699244745473,4.480052644642995,71.40809040522547,yes,404.64285,-8.389464832971328,-3.4586808800457467,0.9614119903959033,50.981295732895944,6.129115238489818,-82.56362141442386,no
2023-05-16 20:15:00,384.31427,97.10578101928485,3.768553690274596,0.7297399469415522,144.4578541436082,5.159833521561958,10.91293699628838,no,450.0,0.24683237873350156,-2.482783493636037,1.001926706182182,55.96274536014029,5.14932844308325,-77.58217178717952,no,400,162.08154943256721,7.487304201011294,0.6942157871755846,-155.03594851463683,4.480748998752894,71.41913433804336,yes,400.0,-8.388602421801465,-3.4574501293577287,0.9614109994121475,51.67132951198727,6.275600358847379,-81.87358763533254,no
2023-05-16 20:30:00,393.25894,97.1023275589057,3.768649434243981,0.7296849597150241,143.37386399668333,4.921751200297413,9.828946849363518,no,445.66666,0.24680363860858734,-2.481579596526195,1.001929338171585,56.504678328150064,5.251880946856933,-77.04023881916974,no,400,162.08592462704766,7.486605475452157,0.6943213929976625,-155.02491035713217,4.481445204978524,71.43017249554802,yes,402.0,-8.387739960259694,-3.4562192525018283,0.9614100084649841,51.373430681429454,6.211864832242064,-82.17148646589035,no
2023-05-16 20:45:00,390.84167,97.09887514162331,3.768745143821771,0.7296299216270944,143.65304906825472,4.983948042719545,10.108131920934909,no,449.33334,0.246774854085153,-2.4803756307171643,1.0019319697272575,56.04578922644849,5.164945405389913,-77.49912792087132,no,400,162.09029546540526,7.48590649769908,0.6944269751761566,-155.01387797107122,4.482141263318705,71.44120488160897,yes,398.46667,-8.386877447446125,-3.454988249521419,0.961409017554451,51.90426448350314,6.325150637478261,-81.64065266381667,no
2023-05-16 21:00:00,406.0723,97.09542376946972,3.7688408190012237,0.7295748326708033,141.90006908704993,4.608360500743742,8.35515193973012,no,456.5,0.24674603694346162,-2.4791716032132873,1.0019346008058008,55.16997694718175,5.001160530021892,-78.37494020013806,no,400,162.09466195152342,7.485207268076717,0.6945325337117267,-155.00285135258147,4.482837173772314,71.45223150009872,yes,393.46667,-8.386014882455754,-3.4537571204600606,0.9614080266805881,52.67132447652449,6.490874143362653,-80.87359267079532,no
2023-05-16 21:15:00,408.57355,97.09197344179725,3.768936459775559,0.7295196928391862,141.61893646113836,4.550491525452839,8.074019313818553,no,450.66666,0.2467171939795446,-2.4779675091069837,1.0019372312201515,55.881083646182944,5.133902522890627,-77.66383350113686,no,400,162.09902408660298,7.484507786909291,0.6946380686050351,-154.99183050047273,4.483532936338234,71.46325235220746,yes,390.92856,-8.38515226706403,-3.452525865362256,0.9614070358434241,53.06864942275945,6.577523838046305,-80.47626772456036,no
2023-05-16 21:30:00,412.05078,97.08852416063557,3.7690320661379757,0.7294645021252609,141.23636096681642,4.471975818705829,7.691443819496612,no,439.33334,0.24668827791645248,-2.476763353826415,1.001939861586503,57.316454871892795,5.407453582533538,-76.228462275427,no,400,162.1033818745174,7.4838080545205585,0.6947435798567476,-154.9808154108821,4.484228551015371,71.4742674417981,yes,399.5,-8.384289600370494,-3.4512944842711173,0.9614060450430115,51.75104293795516,6.291715954659436,-81.79387420936465,no
2023-05-16 21:45:00,411.08325,97.08507592801891,3.7691276380816725,0.7294092605220426,141.33344278259827,4.493177542251671,7.788525635278461,no,440.33334,0.24665935456631322,-2.47555912973404,1.0019424911268762,57.18704383385523,5.382464187509688,-76.35787331346458,no,400,162.10773531914217,7.483108071233894,0.6948490674675322,-154.96980607994433,4.484924017802629,71.48527677273586,yes,411.4,-8.38342688146912,-3.4500629772305524,0.9614050542793703,50.0125023328082,5.925015597389479,-83.53241481451161,no
2023-05-16 22:00:00,401.79083,97.08162874330196,3.7692231755997616,0.7293539680225494,142.3498868196835,4.707965497877078,8.804969672363683,no,435.0,0.24663039517318344,-2.474354839788774,1.0019451201609848,57.88535959003183,5.517924107034531,-75.65955755728797,no,400,162.1120844216707,7.4824078373721585,0.6949545314380575,-154.95880250647625,4.485619336698975,71.49628034620395,yes,421.7143,-8.382564112137459,-3.4488313442844882,0.9614040635525472,48.58515732329772,5.632673162546603,-84.95975982402209,no
2023-05-16 22:15:00,379.5436,97.07818260851744,3.7693186786854023,0.729298624619767,144.9962075841112,5.290551645121306,11.451290436791396,no,439.0,0.2466013743154215,-2.4731504914283597,1.001947749046045,57.36037251526532,5.415891685851151,-76.1845446320545,no,400,162.1164291859682,7.481707353257856,0.6950599717689941,-154.9478046866227,4.486314507703335,71.50727816605749,yes,425.46667,-8.381701291473803,-3.4475995854767367,0.9614030728625861,48.083639753100385,5.531702743497481,-85.46127739421942,no
2023-05-16 22:30:00,372.07156,97.0747375257016,3.769414147331691,0.7292432303066931,145.95131860697043,5.510609748866508,12.406401459650624,no,443.0,0.24657235767028976,-2.471946068528265,1.0019503769234257,56.8448653934919,5.3166818840191485,-76.7000517538279,no,400,162.12076961590236,7.481006619213023,0.6951653884610148,-154.93681261652586,4.487009530814688,71.51827023615434,yes,429.33334,-8.38083841857383,-3.4463677008506513,0.9614020822095153,47.57600639070586,5.430488959248171,-85.96891075661395,no
2023-05-16 22:45:00,382.26974,97.07129349421126,3.769509581531685,0.72918778507631,144.640302647973,5.212622456150071,11.09538550065318,no,443.0,0.24654325544276598,-2.4707415882652373,1.0019530048098593,56.845057078546354,5.31670262414539,-76.69986006877346,no,400,162.1251057126574,7.480305635559243,0.6952707815147972,-154.9258262950111,4.48770440603203,71.5292565576691,yes,432.86667,-8.379975495213273,-3.4451356904503436,0.961401091593374,47.12015857080286,5.340426060008602,-86.42475857651695,no
2023-05-16 23:00:00,383.58994,97.06785051608298,3.769604981278437,0.7291322889215965,144.4695019413726,5.175489277189792,10.924584794052805,no,452.0,0.24651416015626304,-2.4695370353259825,1.0019556317744365,55.71828182803608,5.103240455242055,-77.82663531928372,no,400,162.12943748009462,7.479604402617654,0.6953761509310213,-154.91484571822645,4.48839913335436,71.54023713445375,yes,410.6,-8.379112520489116,-3.4439035543197236,0.9614001010141977,50.13081776364936,5.948665712401335,-83.41409938367045,no
2023-05-16 23:15:00,381.10764,97.06440859335507,3.769700346564977,0.7290767418355151,144.77114063339084,5.244481702540483,11.226223486071035,no,445.0,0.24648500229257023,-2.4683324263577693,1.0019582585228473,56.591061217501036,5.268154558834262,-76.95385592981877,no,400,162.13376492207266,7.478902920708983,0.6954814967103715,-154.90387088232237,4.489093712780748,71.55121197035783,yes,392.06668,-8.378249493498515,-3.44267129250229,0.961399110472034,52.89753770572514,6.53849669686258,-80.64737944159467,no
2023-05-16 23:30:00,357.8991,97.06096772538714,3.7697956773842827,0.7290211438110381,147.85740979103016,5.9669780834391,14.312492643710357,no,444.33334,0.24645580869355813,-2.4671277454987477,1.0019608848038757,56.6757905137349,5.284296125271671,-76.8691266335849,no,400,162.13808803977037,7.478201190153491,0.6955868188535327,-154.89290178612902,4.489788144310285,71.56218106655118,yes,391.13333,-8.377386416013792,-3.4414389050418226,0.9613981199669123,53.04466803625945,6.5705143306563025,-80.50024911106036,no
2023-05-16 23:45:00,353.91968,97.05752791421662,3.7698909737293262,0.7289654948411062,148.42116430411514,6.10551555218069,14.87624715679533,no,439.66666,0.24642658762773859,-2.4659230045398424,1.00196351045022,57.274929695945765,5.399287576129623,-76.26998745137405,no,400,162.14240683703767,7.477499211271034,0.6956921173611929,-154.88193842580517,4.490482427941998,71.57314442687502,yes,390.5,-8.376523287138241,-3.4402063919825006,0.9613971294988728,53.145198480822955,6.592375875756283,-80.39971866649685,no
2023-05-17 00:00:00,348.7619,97.05408916188473,3.7699862355930533,0.7289097949186714,149.1733187911947,6.29260273412591,15.628401643874895,no,431.25,0.2463973307122764,-2.464718193952168,1.0019661355584806,58.38814571216843,5.616433020558503,-75.15677143515137,no,400,162.14672131772744,7.476796984381025,0.6957973922340397,-154.87098079750677,4.491176563675026,71.58410205517342,yes,391.6,-8.375660105965096,-3.4389737533678906,0.9613961390679487,52.9732914461502,6.554488559945853,-80.57162570116961,no
2023-05-17 00:15:00,347.3845,97.05065146775395,3.7700814629683927,0.7288540440366607,149.3725021159563,6.34368086151561,15.8275849686365,no,436.0,0.24636803135161114,-2.463513322024477,1.001968760311935,57.75491750764978,5.492332239731198,-75.78999963967003,no,400,162.15103148300838,7.47609450980246,0.6959026434727655,-154.86002890007347,4.49187055150844,71.59505395260672,yes,384.86667,-8.37479687427117,-3.4377409892414925,0.961395148674187,54.04752016754367,6.791737208300318,-79.49739697977614,no
2023-05-17 00:30:00,367.95837,97.04721483386544,3.770176655848221,0.728798242188012,146.4397462895269,5.634483220740938,12.8948291422071,no,439.0,0.2463386987013751,-2.462308384632587,1.001971384533164,57.36211331118208,5.416081667787031,-76.18280383613774,no,400,162.15533733672652,7.475391787853882,0.6960078710780623,-154.84908272966777,4.492564391441392,71.60600012301242,yes,380.06668,-8.373933591152365,-3.4365080996476154,0.9613941583176202,54.836783306656855,6.968887685530816,-78.70813384066295,no
2023-05-17 00:45:00,377.27795,97.04377926226236,3.7702718142253975,0.7287423893656406,145.2124856433017,5.351855800530796,11.667568495981897,no,437.66666,0.2463093024882033,-2.4611033839843026,1.001974008533645,57.53630889035236,5.449803073727821,-76.00860825696745,no,400,162.15963888272506,7.474688818853433,0.6961130750506269,-154.83814228245444,4.4932580834730365,71.61694057022575,yes,378.35715,-8.37307025570567,-3.4352750846298217,0.9613931679982815,55.12330042423412,7.033674101301446,-78.42161672308569,no
2023-05-17 01:00:00,345.39914,97.04034475230921,3.7703669380927827,0.7286864855624585,149.6507410075675,6.417645328270489,16.105823860247682,no,443.0,0.2462799095801733,-2.459898317945258,1.0019766315997807,56.84677806901091,5.3168890270285205,-76.6981390783089,no,400,162.16393612216592,7.473985603118769,0.696218255391159,-154.8272075572795,4.493951627602545,71.62787529540068,yes,383.2857,-8.372206869707043,-3.4340419442320393,0.9613921777162108,54.3077298929872,6.849340381927335,-79.23718725433261,no
2023-05-17 01:15:00,353.6567,97.0369113060521,3.770462027443158,0.7286305307713726,148.41492537356498,6.112038535430029,14.870008226245176,no,439.66666,0.2462504541976268,-2.4586931847847007,1.0019792544724253,57.27608560969169,5.399413690359815,-76.26883153762812,no,400,162.16822905888964,7.473282140967156,0.6963234121003637,-154.81627855030987,4.494645023829142,71.63880430237032,yes,379.64285,-8.371343432249944,-3.432808678497888,0.961391187471455,54.910087871238545,6.984878322093145,-78.63482927608126,no
2023-05-17 01:30:00,374.8695,97.0334789255314,3.770557082269306,0.7285745249852899,145.5003995635382,5.421437747792827,11.955482416218388,no,441.0,0.24622096596951074,-2.4574879907026483,1.001981876855109,57.10385033877134,5.3662028171799845,-76.44106680854847,no,400,162.17251769672873,7.472578432715393,0.6964285451789466,-154.80535525772046,4.495338272152025,71.64972759495973,yes,373.5,-8.37047994243693,-3.4315752874715617,0.9613901972640426,55.95177104839706,7.222799731974543,-77.59314609892274,no
2023-05-17 01:45:00,371.29214,97.03004761011789,3.7706521025640165,0.7285184681970818,145.96014383247314,5.528857423204531,12.415226685153328,no,433.0,0.2461914682759149,-2.4562827279740773,1.0019844984032615,58.15453570993839,5.570366913660853,-75.39038143738142,no,400,162.17680203683906,7.471874478679876,0.6965336546276134,-154.79443767836284,4.496031372570455,71.66064517431735,yes,376.42856,-8.369616402041459,-3.4303417711965793,0.9613892070940092,55.452267247344366,7.107875555813319,-78.09264989997544,no
2023-05-17 02:00:00,369.09186,97.02661736185773,3.770747088319998,0.7284623603996375,146.24457999969553,5.5963700359849655,12.699662852375724,no,431.66666,0.24616189786185105,-2.455077404566751,1.0019871198906705,58.333600580446515,5.605550469219451,-75.2113165668733,no,400,162.18108208305145,7.471170279176602,0.696638740447071,-154.7835258084134,4.496724325083639,71.67155704426679,yes,380.66666,-8.368752810159663,-3.429108129717022,0.9613882169613988,54.742629219413345,6.946396598216373,-78.80228792790646,no
2023-05-17 02:15:00,354.80124,97.0231881827991,3.770842039529973,0.7284062015858255,148.21956554853787,6.069603350548459,14.674648401218064,no,432.66666,0.24613232314473632,-2.453872013361987,1.0019897404669869,58.19953856406359,5.579170319907025,-75.34537858325622,no,400,162.18535783919398,7.470465834521092,0.6967438026380308,-154.77261964405105,4.497417129690893,71.68246320862914,yes,376.0,-8.36788916588796,-3.4278743630766084,0.9613872268662483,55.526832595526855,7.124532594780826,-78.01808455179295,no
2023-05-17 02:30:00,435.19556,97.01976007231166,3.7709369561865906,0.7283499917485236,138.7553046344203,3.9935988490867667,5.2103874871004905,no,441.33334,0.24610267253402449,-2.4526665619578245,1.0019923610044639,57.061673397292104,5.358025550948069,-76.4832437500277,no,400,162.189629306415,7.4697611450284835,0.6968488412012054,-154.7617191841343,4.49810978639144,71.69336366854589,yes,378.6,-8.367025471000773,-3.42664047131934,0.9613862368085926,55.08895266769349,7.024453067666375,-78.45596447962632,no
2023-05-17 02:45:00,356.2612,97.01633303244316,3.7710318382825263,0.7282937308805753,147.9949660986878,6.017545935275138,14.45004895136799,no,442.66666,0.24607303732028493,-2.4514610395553333,1.0019949805228896,56.890731405057636,5.325199144685385,-76.65418574226217,no,400,162.19389648853434,7.469056211013459,0.6969538561373113,-154.75082442484995,4.498802295184673,71.70425842783024,yes,382.0,-8.366161724597248,-3.4254064544883085,0.96138524678847,54.52507895695982,6.896753929713217,-79.01983819035999,no
2023-05-17 03:00:00,350.84354,97.01290706524738,3.7711266858104215,0.7282374189748295,148.77470910224673,6.210087538465905,15.229791954926924,no,441.0,0.24604332532051823,-2.450255459305738,1.0019975999407191,57.10499822939655,5.366327920349716,-76.43991891792325,no,400,162.19815938937674,7.4683510327902605,0.6970588474470683,-154.73993536237955,4.499494656069864,71.71514749030064,yes,387.84616,-8.365297925771358,-3.4241723126283707,0.9613842568059189,53.578000984540836,6.685239268749522,-79.96691616277897,no
2023-05-17 03:15:00,338.77576,97.00948217009197,3.7712214987628414,0.7281810560241374,150.61094544041802,6.674714492852795,17.066028293098213,no,437.66666,0.24601359181745866,-2.4490498101062363,1.0020002187553947,57.53823982679274,5.450014887104634,-76.00667732052707,no,400,162.20241801007842,7.4676456106727125,0.6971638151312004,-154.7290519955929,4.50018686904639,71.7260308570873,yes,391.4,-8.364434076302416,-3.422938045783071,0.9613832668609757,53.01648160060961,6.561418378233942,-80.5284355467102,no
2023-05-17 03:30:00,350.55374,97.00605834903124,3.771316277132372,0.7281246420213258,148.80256140457473,6.2197036910977275,15.257644257254924,no,434.0,0.24598382206374753,-2.447844102414562,1.0020028370190948,58.022466341528585,5.544365223327133,-75.52245080579122,no,400,162.20667235445708,7.466939944974204,0.6972687591904321,-154.7181743206783,4.500878934113631,71.7369085320019,yes,391.57144,-8.363570175285076,-3.4217036539961865,0.9613822769536869,52.99051639081591,6.5555374487528635,-80.5544007565039,no
2023-05-17 03:45:00,383.98474,97.00263560411787,3.771411020911559,0.7280681769592218,144.28586035560164,5.156979141662363,10.740943208281834,no,435.0,0.24595399085877614,-2.446638327014887,1.0020054551257673,57.88984207384272,5.518417982481647,-75.6550750734771,no,400,162.21092242632582,7.466234036007731,0.6973736796254878,-154.70730233382858,4.501570851270995,71.74778051885161,yes,391.06668,-8.362706221815813,-3.420469137311614,0.961381287084076,53.07061997431424,6.572894121389611,-80.47429717300557,no
2023-05-17 04:00:00,371.87286,96.99921393472627,3.7715057300929167,0.7280116608306475,145.81862882374452,5.50726602609972,12.27371167642471,no,436.66666,0.2459241650149599,-2.4454324864600374,1.002008072263766,57.67002094996945,5.4755638477920385,-75.87489619735035,no,400,162.21516822681647,7.46552788408588,0.6974785764370934,-154.69643603391776,4.502262620517853,71.75864681876243,yes,390.73334,-8.36184221766996,-3.4192344957734297,0.961380297252189,53.12393702099962,6.584396924754734,-80.42098012632019,no
2023-05-17 04:15:00,370.42697,96.99579334291383,3.7716004046689555,0.7279550936283987,146.00192557244733,5.551093010047331,12.457008425127526,no,435.33334,0.24589425447747754,-2.444226582684787,1.0020106894276084,57.8460888247605,5.5098446695810255,-75.69882832255931,no,400,162.2194097597388,7.464821489520772,0.6975834496259796,-154.68557541714162,4.502954241853631,71.76950743553857,yes,388.7143,-8.360978161942512,-3.417999729424972,0.9613793074580599,53.44421505765757,6.654692468402818,-80.10070208966224,no
2023-05-17 04:30:00,358.80643,96.992373830732,3.7716950446321276,0.7278984753452865,147.58168349726276,5.92673673872576,14.036766349942951,no,437.66666,0.24586435146796995,-2.4430206134844226,1.002013305619318,57.53920169480211,5.450120583068911,-76.0057154525177,no,400,162.22364702889632,7.464114852624108,0.6976882991928838,-154.67472047970153,4.50364571527777,71.78036237297866,yes,386.46667,-8.360114053733128,-3.4167648383107636,0.9613783177017277,53.80457467937828,6.734288502482399,-79.74034246794153,no
2023-05-17 04:45:00,354.16867,96.98895539756026,3.771789649974887,0.7278418059740964,148.23669941970002,6.087197511082404,14.691782272380209,no,437.66666,0.24583439892602485,-2.441814580501584,1.002015921442981,57.53939378153732,5.450141704911179,-76.0055233657825,no,400,162.22788003541524,7.46340797370716,0.6977931251385426,-154.6638712204765,4.504337040789814,71.7912116322037,yes,384.46667,-8.359249894814639,-3.415529822474324,0.9613773279832358,54.12886985073612,6.806331104611259,-79.41604729658368,no
2023-05-17 05:00:00,340.06607,96.98553804545486,3.7718842206896244,0.7277850855076241,150.35433769131646,6.618876828076238,16.80942054399665,no,448.0,0.24580441449696497,-2.4406084867795785,1.0020185367513095,56.21807541669126,5.196980175770454,-77.32684173062854,no,400,162.23210878309607,7.462700853080825,0.6978979274636898,-154.6530276356711,4.50502821838916,71.8020552170091,yes,383.4,-8.358385684285565,-3.4142946819594977,0.9613763383026159,54.30363142864422,6.8452362687082315,-79.24128571867558,no
2023-05-17 05:15:00,374.0706,96.98212177647406,3.7719787567687373,0.7277283139386417,145.4956671872262,5.438868739695078,11.950750039906382,no,448.0,0.2457743652365404,-2.4394023279084243,1.0020211518466906,56.218262183332705,5.197000306951903,-77.3266549639871,no,400,162.23633327573648,7.461993491055582,0.698002706169061,-154.64218972149274,4.505719248075284,71.81289313118745,yes,382.57144,-8.357521421241927,-3.4130594168104835,0.9613753486599013,54.44025663830587,6.875687656182105,-79.10466050901394,no
2023-05-17 05:30:00,389.03973,96.97870658999751,3.7720732582045744,0.7276714912599231,143.62191559094978,5.0177597741080575,10.076998443629975,no,441.66666,0.2457443236148858,-2.438196101907567,1.00202376603624,57.02107941415738,5.350034253074786,-76.52383773316242,no,400,162.2405535144539,7.4612858879414645,0.6981074612553986,-154.6313574768286,4.506410129847752,71.82372537585158,yes,382.07144,-8.356657107458886,-3.41182402707123,0.9613743590551376,54.52334847486691,6.894165663943171,-79.0215686724529,no
2023-05-17 05:45:00,411.62448,96.97529248808645,3.7721677249894943,0.727614617464217,141.05584048413627,4.4699889413471405,7.510923336816461,no,431.33334,0.24571419691055554,-2.4369898156788596,1.0020263802237104,58.38142295580486,5.61471950258284,-75.16349419151496,no,400,162.24476950304228,7.46057804404806,0.6982121927234515,-154.62053089788884,4.507100863706087,71.83455195479135,yes,383.8,-8.355792742032236,-3.4105885127850377,0.9613733694883598,54.241060615354456,6.830625863960543,-79.30385653196535,no
2023-05-17 06:00:00,418.1345,96.97187947280041,3.77226215711579,0.7275576925442847,140.36270449122858,4.328567471227088,6.817787343908776,no,431.66666,0.2456840773791422,-2.43578346429152,1.0020289934407405,58.3367272165933,5.605898306273544,-75.2081899307265,no,400,162.24898124529332,7.459869959684531,0.6983169005739697,-154.6097099808858,4.5077914496498845,71.84537287179438,yes,381.13333,-8.35492832405896,-3.4093528739965198,0.9613723799596083,54.67994560716528,6.929039067415129,-78.86497154015453,no
2023-05-17 06:15:00,389.46753,96.96846754352374,3.772356554575736,0.72750071649287,143.54941749678332,5.005284071080938,10.004500349463513,no,435.0,0.2456538942700994,-2.4345770489199325,1.0020316064767567,57.891775111993255,5.518631767000912,-75.65314203532655,no,400,162.25318874231834,7.459161635159654,0.6984215848077032,-154.59889472471227,4.508481887678715,71.85618812796793,yes,378.86667,-8.354063855312006,-3.408117110749108,0.9613713904689116,55.05797826574815,7.014387443123872,-78.48693888157166,no
2023-05-17 06:30:00,380.6888,96.9650567023151,3.772450917361577,0.7274436893027147,144.6164018040965,5.244455938115076,11.071484656776704,no,428.0,0.24562367535944957,-2.4333705691077814,1.0020342189890874,58.834781118116226,5.704390042392241,-74.71013602920358,no,400,162.25739199790007,7.458453070781794,0.6985262454254009,-154.5880851255895,4.509172177792164,71.8669977270907,yes,383.0,-8.35319933489177,-3.4068812230869963,0.9613704010163148,54.374545801746706,6.859940835638503,-79.1703713455731,no
2023-05-17 06:45:00,383.2068,96.96164695124014,3.7725452454655497,0.7273866109665399,144.29613837998699,5.173589215586879,10.751221232667177,no,426.0,0.24559343315104337,-2.432164028553108,1.0020368309437369,59.110046761651084,5.759214157203724,-74.43487038566872,no,400,162.2615910158235,7.4577442668589,0.698630882427816,-154.57728117973622,4.509862319989835,71.87780167294397,yes,385.8,-8.35233476189336,-3.4056452110542548,0.9613694116018602,53.92020648789901,6.75821852127184,-79.6247106594208,no
2023-05-17 07:00:00,358.96393,96.95823828968402,3.7726395388798517,0.727329481477065,147.48549225413495,5.916717157670985,13.940575106815146,no,426.66666,0.24556315333149614,-2.4309574196433865,1.002039442347745,59.01826739316148,5.740881928258548,-74.52664975415833,no,400,162.26578579719143,7.457035223698482,0.698735495815707,-154.566482886053,4.510552314271377,71.8885999666272,yes,385.7857,-8.351470138092054,-3.4044090746944775,0.9613684222255745,53.92341942732037,6.758737590982023,-79.62149771999944,no
2023-05-17 07:15:00,365.42032,96.95483071971228,3.772733797596648,0.7272723008270154,146.5854162063403,5.703177245214497,13.040499059020505,no,430.0,0.2455328311498616,-2.4297507495064004,1.002042053332521,58.56286180831544,5.650435442158302,-74.98205533900438,no,400,162.2699763457851,7.456325941607606,0.6988400855898376,-154.55569024076175,4.51124216063649,71.89939261191844,yes,382.46667,-8.350605462581939,-3.4031728140518744,0.9613674328875065,54.46475613814408,6.879594099840758,-79.08016100917573,no
2023-05-17 07:30:00,422.6093,96.95142424338852,3.7728280216080803,0.7272150690090843,139.86241731252974,4.233450567840271,6.317500165209935,no,426.66666,0.2455024745721444,-2.428544014950418,1.002044663790729,59.018660967885104,5.7409262994619,-74.52625617943471,no,400,162.27416266537722,7.455616420892972,0.6989446517509673,-154.54490324009285,4.511931859084794,71.91017961258734,yes,375.0,-8.349740734463012,-3.4019364291699175,0.9613664435876863,55.716393040473804,7.163715016826304,-77.828524106846,no
2023-05-17 07:45:00,451.55902,96.94801886010205,3.7729222109062763,0.727157786015971,137.1047718976317,3.6980454824918008,3.5598547503118994,no,424.0,0.24547209214836394,-2.427337217882348,1.0020472736765615,59.38850395733961,5.814906329102524,-74.1564131899802,no,400,162.27834475706436,7.454906661860872,0.6990491942998568,-154.534121882953,4.512621409616019,71.92096096972719,yes,373.0,-8.348875955508504,-3.4006999200934525,0.9613654543261487,56.06082094590079,7.242839799588253,-77.48409620141902,no
2023-05-17 08:00:00,404.56546,96.94461457192169,3.7730163654833238,0.7271004518403656,141.7623374220825,4.62766435845538,8.217420274762702,no,429.66666,0.24544167395811256,-2.426130356571185,1.0020498830358169,58.608687267912146,5.659451534506155,-74.93622987940766,no,400,162.28252262461908,7.454196664817189,0.6991537132372693,-154.52334616557252,4.513310812229779,71.93173668710767,yes,377.6154,-8.348011124812217,-3.399463286865227,0.9613644651029383,55.27449251759333,7.062220351183223,-78.27042462972648,no
2023-05-17 08:15:00,396.74478,96.94121138091249,3.7731104853312667,0.7270430664749529,142.6387503724726,4.815935486731446,9.093833225152792,no,424.0,0.24541119999962496,-2.424923432004144,1.0020524922043474,59.388899809041746,5.81495123587557,-74.15601733827806,no,400,162.2866962718069,7.453486430067405,0.6992582085639685,-154.5125760841888,4.514000066925837,71.9425067684914,yes,375.35715,-8.347146241476139,-3.3982265295302856,0.9613634759180899,55.65817242229144,7.149741930911646,-77.88674472502836,no
2023-05-17 08:30:00,390.2567,96.9378092864676,3.7732045704421644,0.7269856299123948,143.39137428724706,4.981001653859503,9.846457139927253,no,422.33334,0.24538068765381119,-2.4237164455975964,1.0020551007800866,59.622492532522394,5.8619317252214405,-73.92242461479742,no,400,162.2908656997214,7.452775957916343,0.6993626802807561,-154.50181163770876,4.514689173704122,71.95327121497144,yes,370.7857,-8.346281307272761,-3.3969896481319592,0.961362486771642,56.44821150404192,7.332004036206541,-77.09670564327789,no
2023-05-17 08:45:00,413.47617,96.93440829065642,3.773298620808014,0.7269281421453611,140.77580083785915,4.424948099418672,7.230883690539343,no,417.33334,0.24535016620991962,-2.4225093922081005,1.0020577086130544,60.334083152269784,6.0063150997045955,-73.21083399505002,no,400,162.29503091212143,7.45206524866885,0.6994671283883666,-154.49105282237815,4.515378132564146,71.96403003030204,yes,371.76923,-8.345416321297876,-3.395752642714798,0.9613614976636311,56.27771121084078,7.292209389517086,-77.26720593647903,no
2023-05-17 09:00:00,419.6808,96.93100839555079,3.773392636420814,0.726870603166503,140.12079398506313,4.291957155980617,6.575876837743323,no,419.0,0.2453196123551865,-2.4213022726319764,1.0020603159744583,60.09526792617867,5.957628232202457,-73.44964922114113,no,400,162.29919191277043,7.451354302629091,0.6995715528875869,-154.48029963443494,4.5160669435057805,71.97478321824525,yes,388.92856,-8.344551282648354,-3.3945155133219114,0.9613605085940995,53.42748257932789,6.647275373876157,-80.11743456799192,no
2023-05-17 09:15:00,416.71368,96.92760960054461,3.773486617272493,0.7268130129684764,140.42144413408948,4.3542771650717675,6.876526986769676,no,421.33334,0.24528899694438627,-2.420095097698919,1.002062923057433,59.76401962876777,5.890449166366343,-73.78089751855204,no,400,162.30334870275038,7.450643120100856,0.6996759537791916,-154.4695520727992,4.516755606528779,71.985530779881,yes,412.18182,-8.343686193096858,-3.3932782599980698,0.9613595195630777,49.94351785147461,5.902269356160356,-83.6013992958452,no
2023-05-17 09:30:00,420.74652,96.92421190770753,3.7735805633549844,0.7267553715439202,139.99771523163932,4.269096626048358,6.452798084319511,no,421.33334,0.24525835025033776,-2.418887856176208,1.0020655296523349,59.76421846121125,5.890471877455441,-73.78069868610856,no,400,162.30750128581826,7.449931701387381,0.6997803310639858,-154.45881013371402,4.517444121633173,71.99627271896617,yes,412.86667,-8.342821051742533,-3.39204088278649,0.9613585305706079,49.847741872639176,5.882276443603055,-83.69717527468063,no
2023-05-17 09:45:00,438.8368,96.92081531911468,3.7736744746601834,0.7266976788854674,138.21538175415512,3.9173280157251575,4.67046460683531,no,417.66666,0.24522765573382727,-2.4176805535898263,1.002068135821717,60.28693298199927,5.996619204335662,-73.25798416532054,no,400,162.31164966572757,7.449220046791755,0.6998846847427317,-154.44807381342875,4.518132488818615,72.00700903925144,yes,399.84616,-8.341955857682137,-3.390803381732013,0.9613575416167223,51.74356110608062,6.280803382531133,-81.80135604123919,no
2023-05-17 10:00:00,440.91284,96.91741983416247,3.7737683511799682,0.7266399349857381,138.01425798668683,3.8795006415614024,4.469340839367021,no,422.0,0.2451969654157046,-2.416473180464143,1.0020707410715628,59.670587705598486,5.87152836033525,-73.87432944172133,no,400,162.31579384354976,7.448508156616651,0.6999890148162005,-154.43734311087417,4.518820708084921,72.01773974180603,yes,396.5,-8.341090612689356,-3.3895657568781004,0.9613565527014676,52.251545839067546,6.389820954116316,-81.29337130825226,no
2023-05-17 10:15:00,417.64117,96.91402545492677,3.7738621929061944,0.726582139837345,140.2973670392321,4.333153658751842,6.752449891912306,no,417.0,0.24516621233435457,-2.415265748806983,1.0020733461241211,60.383325488708984,6.0162692803525974,-73.16159165861083,no,400,162.31993382303716,7.447796031163647,0.7000933212852121,-154.42661802229688,4.519508779432164,72.02846483038331,yes,396.35715,-8.340225315860721,-3.3883280082688136,0.961355563824873,52.274297758035004,6.39454204480929,-81.2706193892848,no
2023-05-17 10:30:00,414.0995,96.91063218348326,3.7739559998306675,0.7265242934328996,140.6615101784163,4.4088730961703515,7.1165930310964995,no,413.0,0.245135426629548,-2.414058252957531,1.0020759506221513,60.96597926737176,6.135982980135134,-72.57893787994806,no,400,162.32406960793608,7.447083670733809,0.7001976041505746,-154.4158985439504,4.520196702860391,72.0391843087298,yes,399.5,-8.33935996629208,-3.387090135948404,0.9613545749869797,51.79835284440776,6.291964992904384,-81.74656430291205,no
2023-05-17 10:45:00,472.598,96.90724001923137,3.7740497719451866,0.7264663957649942,135.2395216890272,3.367464097855265,1.694604541707406,no,413.0,0.24510459815614585,-2.412850697067277,1.0020785547406204,60.96618223136107,6.136006605409117,-72.57873491595873,no,400,162.32820119931242,7.446371075628496,0.7003018634130771,-154.4051846747698,4.520884478369502,72.04989817791039,yes,399.83334,-8.338494565758822,-3.385852139960498,0.9613535861878291,51.74912475862146,6.281235153543999,-81.79579238869835,no
2023-05-17 11:00:00,428.22156,96.90384896424942,3.7741435092415014,0.7264084468262317,139.20508799681352,4.116338254245907,5.66017084949371,no,413.66666,0.2450737342124981,-2.411643077337814,1.0020811583217988,60.868525779927474,6.115834598004149,-72.67639136739234,no,400,162.33232860091042,7.44565824614864,0.7004060990735144,-154.39447641101134,4.521572105959422,72.06060644166885,yes,398.30768,-8.337629113355604,-3.3846140203492334,0.9613525974274513,51.98019324744661,6.330596889701056,-81.5647238998732,no
2023-05-17 11:15:00,455.68387,96.90045902061344,3.7742372117113447,0.7263504466091943,136.64916637377084,3.626126228589556,3.1042492264510315,no,407.0,0.24504284547570993,-2.410435390882705,1.0020837613276992,61.86174650065778,6.322451631340417,-71.68317064666203,no,400,162.33645181646705,7.444945182594741,0.700510311132684,-154.3837737489385,4.522259585630136,72.0713091037417,yes,393.85715,-8.336763608180036,-3.3833757771585464,0.9613516087058908,52.66268768796624,6.477978328624655,-80.88222945935357,no
2023-05-17 11:30:00,442.40277,96.89707018772737,3.7743308793464343,0.7262923951064477,137.8357496200074,3.8510537612417868,4.290832472687583,no,411.33334,0.24501192197881608,-2.4092276449957937,1.0020863638236557,61.21282598810731,6.187013171368522,-72.3320911592125,no,400,162.340570847043,7.44423188526693,0.7006144995913844,-154.3730766874908,4.52294691738158,72.0820061651894,yes,388.8,-8.335898052008474,-3.3821374104327746,0.961350620023181,53.45702809859495,6.651830607612888,-80.08788904872486,no
2023-05-17 11:45:00,450.8675,96.89368246767172,3.774424512138451,0.7262342923105596,137.06052425903482,3.704858047559981,3.5156071117150134,no,411.0,0.24498095440063922,-2.4080198331657283,1.0020889659001282,61.262479270766825,6.197301405881217,-72.28243787655299,no,400,162.3446856963733,7.443518354464917,0.7007186644504146,-154.36238522293354,4.523634101213747,72.09269762974665,yes,391.7857,-8.33503244393546,-3.3808989202157367,0.9613496313793604,52.98702937976782,6.548356434278061,-80.55788776755199,no
2023-05-17 12:00:00,454.507,96.89029586252803,3.774518110079054,0.726176138214091,136.73228215878737,3.644390454351497,3.1873650114675627,no,416.33334,0.24494995566897151,-2.406811961757497,1.0020915674441409,60.48102554771505,6.036134662252015,-73.06389159960476,no,400,162.34879636819048,7.442804590488026,0.7008228057105755,-154.35169935153417,4.52432113712661,72.10338350114603,yes,392.53333,-8.334166783057356,-3.3796603065515574,0.9613486427744667,52.8711437092831,6.522832183925328,-80.6737734380367,no
2023-05-17 12:15:00,427.71967,96.88691037169909,3.7746116731598343,0.7261179328096016,139.2207090709469,4.124538657017535,5.675791923627088,no,411.66666,0.24491889470251482,-2.405604027709306,1.0020941688383425,61.16407121455854,6.176846725888939,-72.38084593276128,no,400,162.35290286354595,7.4420905936351875,0.7009269233726702,-154.34101907224118,4.525008025120236,72.11406378043901,yes,386.7857,-8.333301071149265,-3.3784215694841464,0.9613476542085415,53.781564259856,6.723061047706719,-79.76335288746381,no
2023-05-17 12:30:00,435.55115,96.88352599727182,3.7747052013724254,0.7260596760896179,138.45277169033042,3.9743095500792047,4.907854543010615,no,411.0,0.24488783434655137,-2.404396027923198,1.002096769178897,61.26308978422342,6.1973728711012885,-72.2818273630964,no,400,162.3570051861694,7.441376364204894,0.7010310174375045,-154.3303443813246,4.525694765194601,72.12473847135558,yes,383.73334,-8.332435307305275,-3.377182709057241,0.9613466656816159,54.276566647581944,6.833197632662658,-79.26835049973786,no
2023-05-17 12:45:00,454.47375,96.88014274132627,3.774798694708378,0.7260013680466838,136.71537493463111,3.6440481577661243,3.1704577873113067,no,410.66666,0.24485673212975306,-2.4031879638448896,1.0020993692548281,61.312818836187674,6.207687522655436,-72.23209831113213,no,400,162.36110333978323,7.440661902495238,0.7011350879058886,-154.31967527506146,4.526381357349788,72.13540757761874,yes,376.5,-8.331569490623565,-3.375943725315148,0.9613456771937281,55.4803234844141,7.105344302695929,-78.06459366290571,no
2023-05-17 13:00:00,454.66116,96.87676060327082,3.7748921531592408,0.7259430086733244,136.69234515662936,3.6406947738151207,3.14742800930955,no,402.66666,0.24482559310264793,-2.401979838261327,1.002101968703818,62.52630040128932,6.4626191475162,-71.01861674603049,no,400,162.3651973254338,7.439947208803923,0.7012391347786352,-154.30901175240447,4.52706780158588,72.14607110027572,yes,374.85715,-8.330703622880264,-3.3747046183025735,0.9613446887449233,55.76090007865366,7.169442362714386,-77.78401706866615,no
2023-05-17 13:15:00,445.77054,96.87337958519373,3.774985576716526,0.7258845979620525,137.47976769646323,3.789839208216357,3.9348505491434196,no,403.66666,0.24479439527023825,-2.400771653356868,1.0021045680500842,62.37221476746115,6.429924907188783,-71.17270237985866,no,400,162.36928714684365,7.439232283428231,0.7013431580565577,-154.29835380963036,4.527754097902989,72.15672904304984,yes,374.75,-8.32983770316821,-3.373465388062385,0.9613437003352302,55.78014102810016,7.173656772415601,-77.76477611921965,no
2023-05-17 13:30:00,441.74512,96.86999968917861,3.775078965371722,0.7258261359053795,137.84308573678072,3.860250542668623,4.298168589460914,no,400.0,0.24476320066783983,-2.3995634002423607,1.0021071664079104,62.94192661884982,6.551161957353147,-70.60299052846999,no,400,162.3733728077277,7.438517126665062,0.701447157740472,-154.28770144302305,4.528440246301189,72.16738140965714,yes,372.5,-8.328971730587227,-3.3722260346395725,0.9613427119646908,56.16829241777543,7.262950929516985,-77.37662472954437,no
2023-05-17 13:45:00,443.33667,96.86662091463647,3.775172319116282,0.7257676224958081,137.689296830037,3.8317423894074594,4.144379682717187,no,401.33334,0.24473194362195552,-2.39835509108492,1.002109764580825,62.73383759745678,6.506712449159625,-70.81107954986302,no,400,162.37745430912497,7.437801738810916,0.701551133831193,-154.2770546515425,4.529126246780604,72.17802820113769,yes,376.23077,-8.32810570690964,-3.370986558077696,0.961341723633342,55.529641810944554,7.115809592953247,-78.01527533637525,no
2023-05-17 14:00:00,443.20422,96.86324326365776,3.775265637941639,0.725709057725828,137.69479805842752,3.833764329541467,4.149880911107715,no,400.66666,0.24470065134398508,-2.3971467142668312,1.0021123621626675,62.83802232802265,6.5289192733630745,-70.70689481929716,no,400,162.38153165475006,7.437086120161909,0.7016550863295397,-154.26641343147278,4.529812099341393,72.18866942120741,yes,377.57144,-8.327239631230952,-3.3697469584210915,0.9613407353412214,55.303810147200124,7.064036176096194,-78.24110700011968,no
2023-05-17 14:15:00,435.72266,96.85986673832822,3.7753589218391888,0.7256504415879332,138.3891368835283,3.9688620030867883,4.844219736208487,no,406.66666,0.24466931613300322,-2.3959382786991688,1.002114959474957,61.914723964951364,6.3333494524768525,-71.63019318236844,no,400,162.38560484831154,7.436370271013702,0.7017590152363358,-154.25577777910368,4.530497803983719,72.19930507357651,yes,374.2857,-8.32637350264929,-3.3685072357133294,0.9613397470883689,55.863322066140256,7.191968141060441,-77.68159508117955,no
2023-05-17 14:30:00,435.0246,96.85649133806332,3.775452170800327,0.7255917740745877,138.44900924881063,3.981538396613134,4.904092101490818,no,407.0,0.24463798499719874,-2.394729774999727,1.0021175557688753,61.864418145507265,6.322767309638278,-71.68049900181254,no,400,162.38967389084192,7.43565419166159,0.7018629205524088,-154.24514769340075,4.531183360707749,72.20993515927944,yes,374.8,-8.325507322938222,-3.367267389999093,0.9613387588748167,55.7761574241776,7.171720166588312,-77.76875972314221,no
2023-05-17 14:45:00,436.92386,96.85311706495415,3.7755453848163896,0.72553305517826,138.26145743848394,3.945995425597023,4.7165402911641365,no,393.0,0.24460657009773923,-2.393521213850912,1.002120152082012,64.05973618313169,6.792497868430114,-69.48518096418812,no,400,162.39373878604766,7.434937882400452,0.7019668022785878,-154.2345231706555,4.531868769513742,72.22055968202469,yes,374.63635,-8.324641091194962,-3.366027421322299,0.9613377707006091,55.805070841104566,7.178158578853838,-77.73984630621524,no
2023-05-17 15:00:00,440.12906,96.84974392109123,3.7756385638786774,0.7254742848914285,137.953175863465,3.8873013842153394,4.408258716145184,no,400.0,0.2445751643258394,-2.3923125866339574,1.00212274746863,62.94318119132259,6.551312694060702,-70.60173595599721,no,400,162.39779953763306,7.434221343524765,0.7020706604157028,-154.22390420716144,4.532554030401902,72.23117864551875,yes,373.92856,-8.323774806514791,-3.3647873297267896,0.9613367825657776,55.92737484387618,7.206098591493751,-77.61754230344363,no
2023-05-17 15:15:00,435.07742,96.84637190589271,3.7757317079785175,0.7254154632065188,138.42365019802105,3.979577962047009,4.878733050701243,no,396.33334,0.24454369511952065,-2.3911038987832187,1.0021253426579562,63.523442167253556,6.67604225347848,-70.02147498006624,no,400,162.40185614662113,7.43350457532865,0.7021744949645811,-154.21329080189358,4.533239143372452,72.24179205078661,yes,360.3846,-8.32290847067219,-3.363547115256778,0.9613357944703669,58.34296793315701,7.773975001054294,-75.2019492141628,no
2023-05-17 15:30:00,431.79886,96.84300102145019,3.775824817107142,0.7253565901159941,138.73254089762767,4.041134218484799,5.187623750307864,no,402.33334,0.24451219013918488,-2.389895147729785,1.0021279373087457,62.579975335372524,6.473829436823831,-70.96494181194728,no,400,162.4059086167105,7.432787578105845,0.7022783059260532,-154.20268295115105,4.533924108425609,72.25239990152915,yes,364.15384,-8.322042082763176,-3.362306777956517,0.9613348064144067,57.65385405556145,7.609324940038052,-75.89106309175835,no
2023-05-17 15:45:00,435.4184,96.83963126986009,3.7759178912558014,0.7252976656122825,138.3775498614112,3.972572639029433,4.832632714091403,no,406.0,0.24448066614205416,-2.3886863368407414,1.0021305313326414,62.017215355289295,6.354788538738065,-71.52770179203051,no,400,162.40995695159796,7.4320703521496645,0.7023820933009504,-154.1920806512347,4.534608925561602,72.26300220144549,yes,363.2,-8.321175641883599,-3.3610663178698275,0.9613338183979365,57.82803068153851,7.650496675080119,-75.7168864657813,no
2023-05-17 16:00:00,442.28317,96.83626265054151,3.776010930415697,0.7252386896878109,137.72610718042915,3.8475407858233193,4.1811900331093454,no,398.66666,0.24444906368533895,-2.3874774637095966,1.002133125256034,63.1537144476834,6.59635192732917,-70.39120269963641,no,400,162.41400115230104,7.431352897753045,0.7024858570901095,-154.18148390112435,4.535293594780781,72.27359895155584,yes,368.0,-8.320309149806462,-3.3598257350407508,0.9613328304210018,56.96613277375053,7.446699656324112,-76.57878437356928,no
2023-05-17 16:15:00,436.72803,96.83289516558817,3.7761039345780096,0.7251796623350004,138.23945825717627,3.947665318437505,4.694541109856459,no,400.33334,0.2444174777822644,-2.386268525781094,1.002135718156235,62.89201453990498,6.540277173057991,-70.65290260741483,no,400,162.41804122250895,7.430635215208475,0.7025895972943719,-154.17089269712775,4.5359781160833865,72.28419015555244,yes,360.0,-8.319442605632219,-3.358585029514175,0.9613318424836309,58.41785550913289,7.791102139373528,-75.12706163818692,no
2023-05-17 16:30:00,433.89148,96.82952881709963,3.7761969037338923,0.725120583546259,138.50336062242945,4.0001578165349425,4.958443475109647,no,395.66666,0.2443858191625824,-2.385059527593516,1.0021383110390591,63.63112351978099,6.699228582130499,-69.91379362753881,no,400,162.4220771659136,7.429917304808064,0.7026933139145823,-154.1603070355497,4.5366624894697845,72.2947758171305,yes,351.6154,-8.318576008454613,-3.357344201333113,0.9613308545858622,60.01019240022981,8.178602316740752,-73.53472474709,no
2023-05-17 16:45:00,435.60245,96.82616360449639,3.7762898378744665,0.7250614533139901,138.33289546268915,3.9678469345851552,4.787978315369344,no,395.33334,0.2443541509323965,-2.3838504642224314,1.0021409030132344,63.68477791083806,6.710828373879524,-69.86013923648176,no,400,162.42610898352447,7.4291991668435235,0.7027970069515861,-154.14972691537739,4.537346714940354,72.3053559373028,yes,352.5,-8.317709360048013,-3.3561032505424047,0.9613298667277389,59.8396364653301,8.136364962438329,-73.7052806819897,no
2023-05-17 17:00:00,467.58994,96.82279952987814,3.776382736990826,0.7250022716305875,135.48690393680207,3.434239875514999,1.9419867894822573,no,411.0,0.24432245090952406,-2.3826413397772477,1.0021434945298398,61.26673409734344,6.197800433015671,-72.27818304997638,no,400,162.43013667902687,7.428480801606168,0.7029006764062313,-154.139152332922,4.5380307924954195,72.31593051975818,yes,348.0,-8.316842659508438,-3.3548621771859164,0.961328878909294,60.72189651289119,8.354764479448551,-72.82302063442862,no
2023-05-17 17:15:00,452.30344,96.81943659534565,3.7764756010740346,0.7249430384884369,136.7869793501129,3.6743412031344054,3.242062202793079,no,399.0,0.2442906929794207,-2.3814321547603035,1.002146085790111,63.10219932344903,6.585199415659046,-70.44271782387078,no,400,162.43416025610313,7.427762209386993,0.7030043222793632,-154.1285832844978,4.538714722135368,72.32649956818238,yes,349.92307,-8.315975905931111,-3.353620981307783,0.9613278911305654,60.343398262711105,8.260367924979516,-73.2015188846087,no
2023-05-17 17:30:00,412.8194,96.81607480032378,3.776568430115126,0.7248837538799147,140.60269448103043,4.426762454895585,7.057777333710618,no,396.66666,0.24425890084475904,-2.3802229046839427,1.0021486765650989,63.47216668920061,6.664787386764812,-70.0727504581192,no,400,162.43817971575686,7.427043390476507,0.7031079445718301,-154.11801976909754,4.5393985038605384,72.33706308358265,yes,353.58334,-8.315109101089774,-3.35237966295214,0.9613269033915951,59.63355982423781,8.08509756331636,-73.911357323082,no
2023-05-17 17:45:00,408.37384,96.8127141469118,3.776661224105121,0.7248244177973922,141.07234127839084,4.525483675079091,7.5274241310710295,no,393.33334,0.24422710083972674,-2.379013595145791,1.0021512664764685,64.00820068225187,6.7810202010278005,-69.53671646506794,no,400,162.44219506166306,7.426324345164903,0.7032115432844849,-154.1074617830423,4.540082137671389,72.34762106963788,yes,349.44446,-8.31424224408454,-3.3511382221633275,0.9613259156924159,60.439271421464355,8.283723382388917,-73.10564572585545,no
2023-05-17 18:00:00,457.18073,96.80935463721478,3.776753983035,0.7247650302332269,136.3407254930928,3.594066539849781,2.795808345772997,no,392.66666,0.24419523036721816,-2.3778042252524783,1.0021538563444465,64.11667704339821,6.804654531990274,-69.4282401039216,no,400,162.44620629749897,7.425605073741916,0.7033151184181833,-154.09690932265067,4.540765623568334,72.35817353002952,yes,340.16666,-8.313375334009038,-3.34989665898495,0.9613249280330637,62.315393001102734,8.756724325960436,-71.22952414621707,no
2023-05-17 18:15:00,457.18073,96.80599627066091,3.7768467068957206,0.7247055911797697,136.33409827471556,3.5937693462360087,2.78918112739575,no,390.66666,0.24416335084222213,-2.376594791475982,1.0021564453539162,64.4438790546344,6.876258686083109,-69.10103809268541,no,400,162.45021342426185,7.424885576496926,0.703418669973783,-154.08636238692114,4.541448961551827,72.36872046575905,yes,341.0,-8.312508372635648,-3.348654973461671,0.9613239404135874,62.143706908550996,8.71259405788266,-71.40121023876881,no
2023-05-17 18:30:00,457.18073,96.80263904935039,3.7769393956781774,0.7246461006293784,136.32746937766555,3.593471895880758,2.7825522303457433,no,393.0,0.24413143779889196,-2.375385293277039,1.0021590338711177,64.06292227224488,6.7928875697248925,-69.48199487507493,no,400,162.45421644561912,7.424165853718924,0.7035221979521429,-154.07582097218187,4.542132151622311,72.37926188049832,yes,349.69232,-8.311641359064254,-3.3474131656375166,0.9613229528340143,60.39329424430042,8.271638440297279,-73.15162290301939,no
2023-05-17 18:45:00,461.71353,96.79928297539318,3.777032049373305,0.7245865585743713,135.93284244222565,3.521729918611607,2.387925294905841,no,401.33334,0.24409946451707915,-2.37417573591608,1.0021616222266714,62.73798737163906,6.507210403909874,-70.80692977568074,no,400,162.45821536524122,7.423445905696475,0.703625702354123,-154.06528507475784,4.542815193780257,72.38979777792235,yes,356.3846,-8.310774292388317,-3.346171235556479,0.9613219652943825,59.10405047490485,7.954761607633951,-74.44086667241496,no
2023-05-17 19:00:00,472.63608,96.79592804821895,3.777124667971951,0.7245269650070816,135.02194811421924,3.3578488085039297,1.4770309668994344,no,405.66666,0.24406749495041116,-2.372966111122262,1.0021642095611807,62.070634771929356,6.36579078061314,-71.47428237539046,no,400,162.46221018411754,7.422725732717857,0.7037291831805845,-154.05475469365513,4.543498088026175,72.40032815902507,yes,352.6154,-8.309907174381067,-3.344929183262866,0.9613209777947304,59.82558856899675,8.130933395895823,-73.71932857832306,no
2023-05-17 19:15:00,484.78485,96.79257426993264,3.7772172514649567,0.7244673199198299,134.05755123024147,3.1887351292688,0.5126340829216645,no,395.66666,0.24403544372491703,-2.37175643205407,1.0021667969485772,63.633436282038595,6.699510044291411,-69.91148086528122,no,400,162.46620090590883,7.422005335070845,0.703832640432391,-154.04422982520813,4.544180834360557,72.41085302747206,yes,339.75,-8.30904000414273,-3.3436870088006585,0.9613199903350982,62.406608471083416,8.778949444111706,-71.13830867623639,no
2023-05-17 19:30:00,363.59192,96.7892216426446,3.777309799843134,0.7244076233049273,146.47127981052785,5.739438660946738,12.926362663208039,no,393.33334,0.24400340164154577,-2.3705466875920256,1.0021693834037102,64.0096803522347,6.781201346903398,-69.53523679508511,no,400,162.47018753427847,7.42128471304289,0.7039360741104106,-154.03371046574836,4.544863432783908,72.42137238693184,yes,337.5,-8.308172780766995,-3.3424447122141103,0.9613190029155205,62.87896062848796,8.900297469685684,-70.66595651883185,no
2023-05-17 19:45:00,363.59192,96.78587016578678,3.77740231309728,0.7243478751546747,146.46379676444533,5.738961368157091,12.918879617125526,no,397.5,0.24397129518979394,-2.369336881025827,1.0021719696364784,63.34149068202844,6.63643337351586,-70.20342646529136,no,400,162.4741700702077,7.420563866921022,0.7040394842155127,-154.02319661428945,4.545545883296819,72.43188623839075,yes,341.53333,-8.30730550602783,-3.341202293547527,0.9613180155360432,62.03920016611784,8.684562853728133,-71.50571698120197,no
2023-05-17 20:00:00,363.59192,96.78251984147002,3.777494791218129,0.7242880754613651,146.45631131693744,5.738483664801268,12.911394169617637,no,398.33334,0.2439391544308,-2.3681270162244306,1.0021745553502395,63.209693115951005,6.608060472748507,-70.3352240313688,no,400,162.47814851735362,7.419842796991908,0.7041428707485701,-154.01268826716864,4.546228185899809,72.44239458551155,yes,343.14285,-8.306438179021313,-3.3399597528449743,0.9613170281966925,61.7101542208153,8.600681476137579,-71.83476292650451,no
2023-05-17 20:15:00,363.59192,96.77917067180549,3.7775872341963987,0.7242282242172905,146.44882346958508,5.7380055508180074,12.903906322265271,no,397.0,0.24390698772538363,-2.366917086702392,1.002177140435725,63.421374895224915,6.653611079805021,-70.1235422520949,no,400,162.48212287937102,7.419121503541787,0.7042462337104565,-154.0021854207257,4.546910340593517,72.45289743195448,yes,357.14285,-8.305570798843291,-3.3387170901506042,0.9613160408975114,58.966422692599224,7.920056218570863,-74.57849445472058,no
2023-05-17 20:30:00,363.59192,96.77582265622829,3.7776796420228047,0.7241683214147221,146.44133322129176,5.737527026145931,12.896416073971949,no,390.33334,0.24387478801449286,-2.365707096891138,1.0021797250509772,64.50061778303782,6.888534648095264,-69.04429936428198,no,400,162.48609315723408,7.418399986856557,0.7043495731020473,-153.99168807398078,4.547592347378509,72.46339477869941,yes,353.15384,-8.304703367268132,-3.3374743055085254,0.9613150536385335,59.727203242906114,8.105442711537158,-73.8177139044137,no
2023-05-17 20:45:00,363.59192,96.77247579685398,3.7777720146880154,0.7241083670459276,146.43384057364125,5.737048090723556,12.88892342632144,no,391.0,0.24384254706981892,-2.3644970454612575,1.0021823092641773,64.39127502595191,6.864510788447595,-69.1536421213679,no,400,162.49005935459448,7.417678247221727,0.704452888924219,-153.98119622327627,4.548274206255396,72.47388662940392,yes,349.8,-8.303835883391116,-3.3362313989631374,0.9613140664198053,60.38040518280877,8.266444435930486,-73.16451196451104,no
2023-05-17 21:00:00,396.0968,96.76913009579287,3.7778643521826476,0.7240483611031763,142.35132761274548,4.812016009524106,8.806410465425671,no,390.33334,0.24381027149541523,-2.363286931962722,1.0021848929213266,64.50104253940637,6.888587099761521,-69.04387460791344,no,400,162.49402147509653,7.416956284922401,0.7045561811778503,-153.97070986496203,4.548955917224803,72.48437298771816,yes,346.13333,-8.302968346310706,-3.334988370558344,0.9613130792413568,61.108905347902976,8.448068846274293,-72.43601179941683,no
2023-05-17 21:15:00,396.0968,96.76578555248443,3.7779566544973315,0.7239883035787151,142.34417096777779,4.811613574029244,8.799253820457977,no,388.0,0.24377797328366765,-2.36207675574582,1.0021874759148683,64.88768822657738,6.973796822552747,-68.65722892074243,no,400,162.49797951970908,7.416234100243331,0.7046594498638231,-153.96022899806292,4.54963748028736,72.49485385461728,yes,343.93332,-8.302100757799849,-3.3337452203387676,0.9613120921032275,61.55382540073231,8.55996246467673,-71.9910917465875,no
2023-05-17 21:30:00,396.0968,96.7624421690464,3.7780489216226583,0.7239281944647784,142.33701221743223,4.811210793829054,8.792095070112424,no,392.0,0.24374560094360978,-2.3608665200981065,1.0021900588838175,64.22826331577805,6.828752938884647,-69.31665383154176,no,400,162.50193349207618,7.4155116934688055,0.7047626949830265,-153.94975361892824,4.550318895443783,72.50532923375195,yes,350.53333,-8.301233116953938,-3.332501948348109,0.9613111050054509,60.23946450320045,8.230850713901106,-73.30545264411936,no
2023-05-17 21:45:00,396.0968,96.75909994759408,3.778141153549153,0.7238680337536166,142.3298513633348,4.810807668871858,8.784934216014989,no,386.33334,0.24371324488529347,-2.3596562212706385,1.0021926407889992,65.16699433868942,7.0356747802707655,-68.37792280863039,no,400,162.50588339583823,7.414789064882812,0.7048659165363462,-153.93928372391107,4.551000162694758,72.51579912876912,yes,344.6,-8.300365422868936,-3.3312585546309132,0.9613101179480763,61.420517757115874,8.525831153607953,-72.12439939020393,no
2023-05-17 22:00:00,396.0968,96.75575888756825,3.7782333502673526,0.7238078214374558,142.3226884044354,4.810404199105858,8.777771257115603,no,385.33334,0.24368081405866607,-2.3584458628079514,1.0021952226627535,65.33569366099697,7.073194960790509,-68.20922348632284,no,400,162.50982923195522,7.41406621476895,0.7049691145246649,-153.92881931204508,4.551681282040945,72.52626354063511,yes,338.53333,-8.299497677318755,-3.3300150392311085,0.961309130931129,62.670869504952464,8.844320620705055,-70.87404764236734,no
2023-05-17 22:15:00,396.0968,96.75241899109106,3.77832551176776,0.7237475575085021,142.31552334236412,4.810000384479078,8.770606195044309,no,386.0,0.24364837786600868,-2.357235441848495,1.0021978037020138,65.2234860575785,7.048194131981982,-68.32143108974131,no,400,162.5137710040639,7.413343143410479,0.7050722889488649,-153.91836037968716,4.55236225348298,72.53672247299303,yes,348.4,-8.2986298793993,-3.328771402193354,0.9613081439546537,60.66190924899081,8.335123219606835,-72.883007898329,no
2023-05-17 22:30:00,396.0968,96.7490802602782,3.7784176380408274,0.7236872419589753,142.30835617874544,4.809596224939675,8.763439031425634,no,390.33334,0.24361590693886512,-2.356024958747065,1.0022003841812568,64.50231434435254,6.888744277964915,-69.04260280296727,no,400,162.517708715797,7.4126198510900885,0.7051754398098543,-153.90790692319658,4.553043077021732,72.54717592948361,yes,344.6,-8.297762028209036,-3.3275276435616004,0.9613071570186881,61.4232737402923,8.525849812923079,-72.1216434070275,no
2023-05-17 22:45:00,396.0968,96.74574269457442,3.7785097290769936,0.7236268747810787,142.3011869125318,4.809191720435697,8.756269765211982,no,389.66666,0.24358337835566568,-2.3548144137034392,1.0022029644569657,64.61247060157953,6.912947703427868,-68.93244654574028,no,400,162.5216423681068,7.411896338090394,0.7052785671085058,-153.8974589416152,4.553723752657796,72.55762391106498,yes,344.7857,-8.29689412551977,-3.3262837633800575,0.9613061701232654,61.3866394806858,8.516384904008858,-72.158277666634,no
2023-05-17 23:00:00,396.0968,96.74240629610262,3.778601784866675,0.7235664559669985,142.2940155453527,4.808786870915034,8.749098398032885,no,385.0,0.24355081565919162,-2.3536038107278383,1.0022055441987312,65.39291379756479,7.085868473881233,-68.15200334975502,no,400,162.52557196462553,7.411172604693285,0.7053816708457373,-153.88701643130221,4.554404280392098,72.56806642137798,yes,343.13333,-8.296026170427979,-3.3250397616928953,0.9613051832684265,61.72312178634064,8.601249220920918,-71.82179536097917,no
2023-05-17 23:15:00,396.0968,96.7390710669874,3.7786938054002537,0.7235059855089196,142.28684207883938,4.80838167632561,8.741924931519577,no,382.33334,0.24351824649899603,-2.352393142955355,1.0022081231026445,65.84752578168819,7.187643800003723,-67.69739136563162,no,400,162.52949750898088,7.410448651180479,0.7054847510224403,-153.8765793886228,4.555084660225343,72.5785034640574,yes,331.46155,-8.29515816202769,-3.323795638544328,0.9613041964542068,64.18963777292538,9.238901360191113,-69.35527937439443,no
2023-05-17 23:30:00,396.0968,96.73573700667067,3.778785790668064,0.7234454633990256,142.27966651194015,4.807976136615315,8.734749364620342,no,387.33334,0.24348560620287507,-2.351182419919898,1.002210701970355,65.00086884432713,6.998667870729397,-68.54404830299268,no,400,162.53341900211606,7.409724477833277,0.7055878076395139,-153.86614781262617,4.555764892158352,72.58893504005403,yes,330.35715,-8.294290102096227,-3.3225513939788502,0.961303209680643,64.4328762999981,9.302926993005155,-69.11204084732171,no
2023-05-17 23:45:00,396.0968,96.73240411728067,3.778877740660437,0.7233848896294837,142.27248884628872,4.8075702517319385,8.727571698968916,no,387.33334,0.2434529628403001,-2.349971629172425,1.002213279958551,65.0010819337063,6.998694428347359,-68.5438352136135,no,400,162.5373364476565,7.409000084932624,0.7056908406978587,-153.85572169967924,4.556444976191893,72.59936115300096,yes,330.2,-8.293421989727506,-3.3213070280403447,0.9613022229477779,64.4684047190919,9.312099013855045,-69.07651242822791,no
2023-05-18 00:00:00,396.0968,96.72907240093964,3.7789696553676686,0.723324264192444,142.26530908351177,4.80716402162316,8.720391936191959,no,388.0,0.24342024809991472,-2.3487607835824766,1.0022158579395921,64.89003205760261,6.9740882669290585,-68.6548850897172,no,400,162.5412498492174,7.408275472759056,0.7057938501983783,-153.84530104615888,4.557124912326828,72.60978180652131,yes,350.8,-8.292553824021297,-3.320062540773414,0.9613012362556436,60.19654527020583,8.218016589840959,-73.34837187711398,no
2023-05-18 00:15:00,396.0968,96.72574185710201,3.7790615347800176,0.7232635870800668,142.25812722256856,4.806757446236758,8.713210075248753,no,386.33334,0.24338754405804244,-2.347549868307485,1.002218434775574,65.16913414246814,7.035941964681115,-68.37578300485167,no,400,162.5451592077448,7.407550641592752,0.7058968361419776,-153.83488585111098,4.557804700563984,72.62019700156921,yes,343.2,-8.291685606745489,-3.318817932222055,0.9613002496042863,61.71411335916815,8.597831474366634,-71.83080378815166,no
2023-05-18 00:30:00,396.0968,96.7224124878901,3.7791533788877034,0.7232028582845025,142.25094326508594,4.806350525520338,8.706026117766129,no,385.5,0.24335476746906948,-2.3463388982909827,1.0022210116113701,65.3096943255137,7.067194863648088,-68.2352228218061,no,400,162.5490645268497,7.406825591713481,0.7059997985295665,-153.8244761109163,4.558484340904236,72.6306067417639,yes,346.14285,-8.290817337000362,-3.3175732024305464,0.9612992629937303,61.11985602461584,8.44767587340264,-72.42506112270397,no
2023-05-18 00:45:00,396.0968,96.71908429543548,3.779245187680953,0.7231420777978746,142.24375721269806,4.805943259421455,8.69884006537825,no,386.33334,0.24332197053001284,-2.3451278683126993,1.00222358774214,65.16956085782856,7.035995313563963,-68.37535628949125,no,400,162.552965810147,7.406100323400649,0.7061027373620554,-153.8140718219514,4.559163833348463,72.6410110307288,yes,349.4,-8.289949013879664,-3.31632835144329,0.9612982764240254,60.473723695218666,8.286064768738797,-73.07119345210114,no
2023-05-18 01:00:00,380.86383,96.71575727918928,3.779336961149931,0.7230812456123137,144.05721059943212,5.207831906435859,10.512293452112317,no,385.33334,0.24328913679012104,-2.343916774929302,1.0022261633928742,65.33826661376509,7.073517111010162,-68.20665053355472,no,400,162.5568630585698,7.405374836933268,0.7062056526403596,-153.80367298327437,4.559843177897555,72.65140986940582,yes,345.6,-8.289080639159693,-3.315083379304755,0.9612972898951987,61.230723296617555,8.475085687826484,-72.31419385070225,no
2023-05-18 01:15:00,390.29227,96.71243144128246,3.7794286992847854,0.723020361719935,142.9063204532871,4.952683138604822,9.361403305967286,no,387.66666,0.24325628038691927,-2.3427056199739744,1.0022287384767912,64.94667796449977,6.98652155004858,-68.59823918282004,no,400,162.56075627572702,7.404649132590004,0.7063085443653931,-153.79327959126766,4.5605223745524635,72.66180326141253,yes,332.42856,-8.288212211934706,-3.313838286058577,0.9612963034072941,63.98615068158671,9.183446512977168,-69.5587664657331,no
2023-05-18 01:30:00,390.29227,96.70910678384696,3.7795204020756383,0.7229594261128441,142.89907059668545,4.952262297923467,9.35415344936564,no,388.66666,0.24322338910617763,-2.3414944031168274,1.002231312994651,64.78041588946377,6.949746845461692,-68.76450125785604,no,400,162.564645465225,7.403923210649141,0.7064114125380724,-153.782891642316,4.561201423314114,72.67219121036419,yes,334.2857,-8.287343731301178,-3.312593071749399,0.9612953169603518,63.58553960671799,9.078257738293473,-69.95937754060182,no
2023-05-18 01:45:00,390.22653,96.70578330633815,3.7796120695125626,0.7228984387831499,142.8995972980105,4.953551851965079,9.354680150690683,no,389.66666,0.2431904552771895,-2.340283127988424,1.0022338871266352,64.61500688861743,6.913262288271886,-68.92991025870238,no,400,162.56853062799112,7.403197071388609,0.7065142571593128,-153.77250913548315,4.5618803241834245,72.68257371719704,yes,340.53333,-8.286475199031486,-3.3113477364216477,0.9612943305544033,62.26783912630066,8.737460190039679,-71.27707802101915,no
2023-05-18 02:00:00,394.31873,96.70246101088645,3.7797037015856167,0.7228373997229434,142.41299083656205,4.84837669515078,8.868073689242237,no,387.66666,0.24315748998519682,-2.3390717887153594,1.0022364607277918,64.94731411596074,6.986600907322559,-68.59760303135907,no,400,162.57241176762383,7.402470715085935,0.706617078230033,-153.76213206716156,4.562559077161334,72.69295078551863,yes,340.13333,-8.285606614224605,-3.3101022801192803,0.9612933441894941,62.35173042768116,8.758700707676992,-71.19318671963865,no
2023-05-18 02:15:00,382.01373,96.6991398996288,3.7797952982848444,0.7227763089242999,143.87802416669928,5.1735160499540385,10.333107019379469,no,389.0,0.24312448263334235,-2.3378603946551206,1.0022390338978078,64.7257442321146,6.937622839731013,-68.81917291520521,no,400,162.57628888772405,7.401744142018309,0.7067198757511529,-153.751760433741,4.563237682248816,72.7033224189392,yes,332.46667,-8.284737975973428,-3.3088567028865987,0.9612923578656483,63.98154478640174,9.181295117824046,-69.56337236091807,no
2023-05-18 02:30:00,382.01373,96.69581997202245,3.7798868596002335,0.7227151663792991,143.87068039741598,5.173074805744443,10.325763250096173,no,390.0,0.24309144068140073,-2.33664893714648,1.002241606559296,64.56061620489308,6.901236359986708,-68.98430094242673,no,400,162.58016198921143,7.40101735246251,0.7068226497235993,-153.74139423429222,4.563916139446896,72.71368861838798,yes,325.66666,-8.283869286054824,-3.3076110047680696,0.9612913715829136,65.4914113222747,9.582542692651385,-68.05350582504511,no
2023-05-18 02:45:00,393.65982,96.69250123020399,3.7799783855217655,0.7226539720800041,142.46782543120355,4.863773368310399,8.922908283883743,no,389.33334,0.24305837853893256,-2.335437415605921,1.0022441785980019,64.67096026115492,6.925504081130855,-68.87395688616489,no,400,162.58403107568125,7.400290346694925,0.7069254001482987,-153.73103346521023,4.5645944487565835,72.72404938746996,yes,324.93332,-8.283000543563276,-3.3063651858082665,0.9612903853413273,65.65883052558581,9.62740457928353,-67.886086621734,no
2023-05-18 03:00:00,393.65982,96.68918367631076,3.780069876039367,0.7225927260184732,142.46059648519682,4.86335777049374,8.915679337877009,no,389.33334,0.243025242455505,-2.3342258418545128,1.0022467505657255,64.67117074067471,6.925530267935097,-68.8737464066451,no,400,162.58789615072607,7.399563124991625,0.7070281270261802,-153.7206781228926,4.56527261017888,72.7344047297876,yes,324.93332,-8.28213174759469,-3.305119246050698,0.9612893991409248,65.6597526357807,9.627411520924266,-67.8851645115391,no
